Crakehill,Skip Bridge,Westwick,Arkengarthdale,East Cowton,Malham Tarn,Snaizeholme,Skelton
0.119197944,0.110832639,0.118798894,0.230728242,0.370531401,0.1,0.283333333,0.231944213
0.186776177,0.252838141,0.168922111,0.264831261,0.355072464,0.191428571,0.161904762,0.333490997
0.219812793,0.178312006,0.191431766,0.122735346,0.1,0.143174603,0.228571429,0.297667898
0.146031018,0.120706191,0.130707297,0.102841918,0.1,0.1,0.1,0.139398208
0.13685418,0.143683905,0.121127256,0.111367673,0.123188406,0.1,0.102380952,0.155059563
0.104441589,0.10299841,0.10425469,0.1,0.1,0.1,0.1,0.1057839
0.133183445,0.145268923,0.120331786,0.139786856,0.15410628,0.115238095,0.114285714,0.146112789
0.108773057,0.107672699,0.104458933,0.108525755,0.1,0.158412698,0.166666667,0.108820763
0.137221254,0.125854976,0.117515392,0.1,0.138647343,0.173650794,0.185714286,0.145950775
0.106754153,0.105613185,0.104777121,0.1,0.1,0.1,0.1,0.107659663
0.172827384,0.194111708,0.146479104,0.1,0.1,0.199047619,0.126190476,0.200153463
0.133917592,0.136990485,0.130324611,0.1,0.107729469,0.12031746,0.10952381,0.148164966
0.110057814,0.112892153,0.110096021,0.145470693,0.1,0.216825397,0.1,0.11583417
0.580646049,0.501887888,0.322899327,0.114209591,0.656521739,0.343809524,0.25952381,0.512426475
0.280012848,0.245377451,0.212490225,0.139786856,0.115458937,0.150793651,0.171428571,0.279666341
0.106203542,0.113417127,0.103803207,0.1,0.1,0.1,0.1,0.110145678
0.125632743,0.115062719,0.111347274,0.102841918,0.1,0.140634921,0.123809524,0.129461348
0.126979903,0.133931501,0.112837168,0.108525755,0.219806763,0.102539683,0.283333333,0.202619677
0.103010003,0.101645592,0.10105991,0.1,0.1,0.115238095,0.1,0.102964856
0.141259062,0.131922465,0.111087134,0.111367673,0.103864734,0.102539683,0.102380952,0.137238021
0.163650546,0.147853411,0.167939598,0.105683837,0.1,0.163492063,0.2,0.291367353
0.118684041,0.115961233,0.108077247,0.1,0.1,0.1,0.1,0.117760336
0.11607782,0.112639762,0.112140594,0.1,0.103864734,0.11015873,0.1,0.121234637
0.323327521,0.264942833,0.209914621,0.1,0.1,0.1,0.1,0.244383289
0.125585023,0.118212564,0.112531879,0.105683837,0.1,0.125396825,0.145238095,0.130361426
0.13685418,0.131528735,0.122152768,0.1,0.138647343,0.1,0.1,0.137238021
0.242938423,0.218260518,0.250883482,0.102841918,0.1,0.265079365,0.1,0.289207166
0.12951271,0.127106837,0.110160518,0.108525755,0.1,0.127936508,0.129761905,0.140604312
0.424639809,0.769483355,0.242754638,0.142628774,0.103864734,0.173650794,0.138095238,0.345192009
0.107561714,0.109469726,0.104566428,0.1,0.1,0.1,0.1,0.107197023
0.116995503,0.118051034,0.124025348,0.114209591,0.107729469,0.188888889,0.1,0.136355945
0.312315316,0.349786729,0.258801635,0.145470693,0.103864734,0.204126984,0.164285714,0.386055544
0.13575296,0.1199894,0.138027772,0.102841918,0.1,0.1,0.1,0.133925735
0.137588327,0.193092047,0.126155918,0.1,0.1,0.1,0.102380952,0.143592571
0.12272185,0.116324676,0.110691548,0.1,0.1,0.105079365,0.123809524,0.122746768
0.133550518,0.11522425,0.115470819,0.1,0.1,0.102539683,0.1,0.123178805
0.330668991,0.252444411,0.195222073,0.108525755,0.1,0.102539683,0.104761905,0.257902459
0.173928604,0.244186164,0.146107168,0.1,0.119323671,0.143174603,0.1,0.196409139
0.1214738,0.117576538,0.112628626,0.1,0.1,0.1,0.1,0.123736853
0.107781958,0.104775245,0.111891203,0.171047957,0.1,0.127936508,0.10952381,0.114808081
0.170257869,0.21521163,0.173118753,0.1,0.107729469,0.173650794,0.1,0.203789778
0.12327246,0.128136594,0.114724797,0.1,0.1,0.1,0.1,0.128471263
0.439689823,0.430723606,0.401429428,0.227886323,0.157971014,0.328571429,0.314285714,0.515306724
0.108295861,0.107046768,0.110549654,0.1,0.1,0.148253968,0.107142857,0.112665896
0.146031018,0.154980944,0.12450478,0.102841918,0.1,0.1,0.1,0.159253925
0.111452693,0.109328386,0.108937214,0.156838366,0.150241546,0.13047619,0.1,0.113565973
0.128998807,0.130559552,0.118850492,0.207992895,0.262318841,0.163492063,0.128571429,0.163268273
0.167688355,0.116900129,0.23603184,0.207992895,0.146376812,0.404761905,0.321428571,0.221953349
0.260190878,0.274109689,0.190341757,0.1,0.1,0.102539683,0.1,0.201089544
0.173561531,0.127227985,0.14338322,0.1,0.1,0.1,0.1,0.155131569
0.125988804,0.116950607,0.112282489,0.13410302,0.12705314,0.13047619,0.111904762,0.124690936
0.125585023,0.123866132,0.134764194,0.119893428,0.103864734,0.219365079,0.192857143,0.16404234
0.135385886,0.12168547,0.115053735,0.1,0.1,0.102539683,0.1,0.129317336
0.107818666,0.102544105,0.10504801,0.1,0.1,0.1,0.1,0.106466159
0.123382582,0.122755609,0.111022636,0.1,0.1,0.1,0.1,0.12670711
0.112627329,0.108641882,0.109023211,0.1,0.1,0.105079365,0.107142857,0.116104193
0.238533541,0.252000202,0.18119385,0.1,0.123188406,0.1,0.1,0.218551055
0.141626136,0.128722142,0.118538754,0.1,0.134782609,0.125396825,0.121428571,0.141522392
0.195585941,0.269021479,0.14819689,0.1,0.1,0.1,0.1,0.20542792
0.111526108,0.115305015,0.106731397,0.1,0.1,0.1,0.1,0.115654154
0.60267046,0.765303753,0.744210402,0.531971581,0.277777778,0.9,0.9,0.9
0.129879783,0.120807148,0.113080109,0.1,0.1,0.1,0.1,0.128237243
0.152638341,0.138575503,0.135477967,0.108525755,0.1,0.115238095,0.178571429,0.160802059
0.110131229,0.106986194,0.122799894,0.168206039,0.12705314,0.201587302,0.254761905,0.161396111
0.180168854,0.141806113,0.153356696,0.128419183,0.123188406,0.188888889,0.154761905,0.219037097
0.115747453,0.118212564,0.109416646,0.1,0.1,0.117777778,0.102380952,0.119488486
0.137588327,0.142502713,0.119671761,0.108525755,0.115458937,0.1,0.1,0.145158706
0.139790768,0.134951162,0.130292362,0.1,0.1,0.1,0.1,0.138318115
0.114976599,0.112235935,0.105202805,0.1,0.1,0.102539683,0.1,0.113511969
0.284784803,0.260419979,0.202536098,0.1,0.1,0.1,0.102380952,0.277146123
0.16401762,0.199977285,0.139416619,0.1,0.1,0.107619048,0.1,0.188650468
0.60267046,0.468279448,0.248131586,0.1,0.173429952,0.1,0.102380952,0.415398082
0.388299532,0.282670806,0.312427071,0.162522202,0.124154589,0.262539683,0.164285714,0.312429175
0.213572543,0.281782388,0.17639523,0.222202487,0.262318841,0.1,0.138095238,0.371114251
0.108112324,0.105986724,0.105265152,0.1,0.1,0.1,0.1,0.108568741
0.114058915,0.115678554,0.110214266,0.1,0.1,0.102539683,0.102380952,0.117382304
0.108002202,0.112791197,0.10479862,0.111367673,0.103864734,0.1,0.121428571,0.110786533
0.123052216,0.120272078,0.112054597,0.1,0.134782609,0.107619048,0.1,0.127337165
0.115894283,0.111175892,0.109214554,0.1,0.111594203,0.12031746,0.111904762,0.1173463
0.10484537,0.10315994,0.102367061,0.1,0.1,0.1,0.1,0.105080039
0.108112324,0.109661543,0.103549517,0.114209591,0.111594203,0.1,0.1,0.110889142
0.12217124,0.106885238,0.111220429,0.153996448,0.146376812,0.1,0.161904762,0.130559443
0.109213545,0.111024457,0.105411347,0.1,0.1,0.1,0.1,0.111112361
0.127310269,0.115375685,0.116532879,0.1,0.1,0.1,0.1,0.128831294
0.108846472,0.122836375,0.103439871,0.1,0.1,0.1,0.1,0.108928772
0.103927687,0.103119558,0.103424821,0.1,0.107729469,0.1,0.1,0.105011634
0.105395981,0.104452184,0.102801345,0.1,0.1,0.1,0.1,0.105558881
0.158511517,0.188407663,0.181974271,0.111367673,0.1,0.122857143,0.121428571,0.200009451
0.100477196,0.100353348,0.10052243,0.102841918,0.1,0.115238095,0.111904762,0.101668744
0.101615123,0.101009566,0.100679374,0.111367673,0.142512077,0.237142857,0.119047619,0.101355517
0.136487107,0.156030893,0.123846904,0.119893428,0.130917874,0.102539683,0.10952381,0.140370292
0.106717445,0.108116908,0.103865555,0.1,0.1,0.112698413,0.1,0.107386039
0.127493806,0.115708841,0.120632775,0.1,0.1,0.102539683,0.1,0.122530749
0.106313664,0.10469448,0.104596527,0.108525755,0.12705314,0.143174603,0.114285714,0.106109728
0.158511517,0.129671134,0.153279299,0.131261101,0.115458937,0.143174603,0.238095238,0.225499656
0.10194549,0.101140809,0.100591228,0.1,0.1,0.1,0.1,0.101236707
0.211370102,0.196373135,0.160481528,0.102841918,0.1,0.106349206,0.102380952,0.198947359
0.125658438,0.131286439,0.116025498,0.1,0.107729469,0.112698413,0.242857143,0.172881104
0.1189777,0.115264632,0.110035823,0.1,0.1,0.105079365,0.102380952,0.12011854
0.126539415,0.115315111,0.122965437,0.119893428,0.1,0.12031746,0.126190476,0.13884016
0.358933651,0.383546604,0.280750161,0.159680284,0.1,0.115238095,0.192857143,0.446720791
0.110828668,0.104290654,0.109610139,0.122735346,0.107729469,0.193968254,0.228571429,0.137400035
0.144562724,0.156838545,0.124674623,0.114209591,0.111594203,0.1,0.1,0.156517689
0.17870056,0.139362964,0.175270823,0.219360568,0.177294686,0.383174603,0.285714286,0.258550515
0.105909883,0.109641352,0.104028949,0.136944938,0.103864734,0.266349206,0.128571429,0.110827937
0.141259062,0.112357083,0.129060458,0.122735346,0.115458937,0.1,0.10952381,0.140100269
0.101211343,0.100161531,0.100457933,0.1,0.1,0.1,0.1,0.100487842
0.111489401,0.104543045,0.11092374,0.105683837,0.1,0.160952381,0.10952381,0.113944006
0.105579517,0.103028697,0.103652713,0.1,0.1,0.1,0.1,0.107909884
0.27817748,0.27950077,0.159036782,0.188099467,0.215942029,0.1,0.214285714,0.421698627
0.131715151,0.132497918,0.143428369,0.153996448,0.146376812,0.140634921,0.114285714,0.154465511
0.112003304,0.111912874,0.110622751,0.11705151,0.1,0.160952381,0.152380952,0.114862086
0.157410296,0.120635522,0.159810753,0.136944938,0.107729469,0.173650794,0.219047619,0.198281301
0.104588419,0.106663133,0.103024936,0.1,0.103864734,0.1,0.102380952,0.107112415
0.303138478,0.297662856,0.233191797,0.227886323,0.142512077,0.265079365,0.228571429,0.428719234
0.155942002,0.123755079,0.144621574,0.105683837,0.1,0.112698413,0.104761905,0.149911117
0.115820868,0.117112138,0.117085408,0.153996448,0.150241546,0.23968254,0.183333333,0.135869903
0.111048913,0.121513844,0.10717858,0.179573712,0.115458937,0.176190476,0.1,0.125068968
0.113801964,0.105027637,0.111487019,0.105683837,0.1,0.1,0.1,0.114394045
0.200357897,0.236341839,0.161410293,0.102841918,0.107729469,0.105079365,0.119047619,0.31224916
0.231926218,0.178614876,0.166787241,0.111367673,0.1,0.404761905,0.138095238,0.206255991
0.122831972,0.117939981,0.113346699,0.1,0.1,0.1,0.1,0.125609015
0.451436175,0.609941698,0.231080576,0.1,0.1,0.1,0.1,0.584432703
0.105873176,0.103483001,0.105443596,0.1,0.1,0.1,0.1,0.107920685
0.156309076,0.151316221,0.138732945,0.1,0.1,0.1,0.1,0.166904587
0.102863173,0.104381515,0.101569441,0.114209591,0.134782609,0.153333333,0.1,0.10531766
0.283316509,0.176626032,0.259945392,0.125577265,0.169565217,0.234603175,0.15,0.293707556
0.104882078,0.106067489,0.103579616,0.145470693,0.223671498,0.1,0.128571429,0.112503882
0.113801964,0.109277908,0.114043272,0.1,0.1,0.1,0.1,0.115978182
0.318555566,0.371179425,0.190752391,0.102841918,0.1,0.112698413,0.104761905,0.293167509
0.126576122,0.111418187,0.116911265,0.125577265,0.138647343,0.102539683,0.1,0.129353339
0.262026246,0.208235532,0.214966932,0.1,0.111594203,0.1,0.138095238,0.281826528
0.104221345,0.106733803,0.102827144,0.1,0.111594203,0.107619048,0.102380952,0.106732582
0.122538313,0.117929886,0.109431696,0.111367673,0.107729469,0.133015873,0.104761905,0.130397429
0.21430669,0.252545367,0.181073455,0.111367673,0.134782609,0.102539683,0.135714286,0.281106466
0.11288428,0.112296509,0.114402309,0.139786856,0.107729469,0.234603175,0.126190476,0.115204115
0.121547215,0.116728503,0.122245214,0.114209591,0.107729469,0.246031746,0.1,0.133601707
0.143828577,0.242288181,0.178052818,0.128419183,0.111594203,0.320952381,0.161904762,0.225769679
0.133183445,0.12814669,0.110850642,0.128419183,0.150241546,0.1,0.1,0.138624141
0.220914013,0.272756871,0.182862187,0.108525755,0.1,0.102539683,0.1,0.207552103
0.153739561,0.126743394,0.1532449,0.1,0.212077295,0.143174603,0.104761905,0.157651787
0.141626136,0.146389541,0.149547039,0.1,0.304830918,0.331111111,0.242857143,0.184942147
0.474194732,0.497354938,0.292493019,0.102841918,0.1,0.1,0.102380952,0.316569533
0.202927411,0.26781,0.188006944,0.165364121,0.250724638,0.196507937,0.142857143,0.327190452
0.13061393,0.126299185,0.116980062,0.102841918,0.111594203,0.102539683,0.107142857,0.136139926
0.103340369,0.10553242,0.102700299,0.1,0.1,0.1,0.1,0.105515677
0.173194457,0.212415133,0.157351246,0.11705151,0.119323671,0.173650794,0.152380952,0.203645765
0.247343305,0.309828121,0.259835746,0.168206039,0.111594203,0.272698413,0.245238095,0.273905843
0.110424888,0.114931476,0.107662312,0.1,0.1,0.1,0.1,0.115618151
0.160346884,0.152234926,0.141678334,0.1,0.1,0.1,0.1,0.166202527
0.111893182,0.112821484,0.106301413,0.1,0.1,0.1,0.1,0.114412047
0.123749656,0.123603645,0.11118388,0.102841918,0.1,0.1,0.1,0.127121146
0.245875011,0.277067717,0.18705453,0.165364121,0.250724638,0.1,0.119047619,0.308288817
0.107781958,0.104563237,0.105574741,0.1,0.1,0.1,0.1,0.109146591
0.114756355,0.113649327,0.110960288,0.119893428,0.123188406,0.23968254,0.15,0.130217414
0.163650546,0.155031423,0.140328185,0.1,0.1,0.102539683,0.1,0.187660383
0.268633569,0.277532117,0.24670189,0.122735346,0.1,0.160952381,0.178571429,0.31710958
0.108919886,0.111135509,0.106976488,0.1,0.1,0.1,0.1,0.109341008
0.155574929,0.246639408,0.137157054,0.122735346,0.1,0.1,0.104761905,0.177021462
0.127603928,0.118061129,0.113626188,0.1,0.1,0.11015873,0.111904762,0.130469436
0.108479398,0.110146135,0.104312738,0.108525755,0.134782609,0.144444444,0.1,0.108723555
0.613682665,0.673927967,0.322045809,0.128419183,0.1,0.1,0.1,0.550769792
0.119418188,0.111125413,0.119308425,0.111367673,0.138647343,0.107619048,0.104761905,0.12254875
0.123309168,0.116486207,0.111699861,0.108525755,0.1,0.1,0.1,0.123790858
0.147132238,0.131054239,0.115328924,0.1,0.1,0.1,0.1,0.153655441
0.158511517,0.178221145,0.163684908,0.108525755,0.1,0.1,0.138095238,0.184726129
0.233394512,0.310514626,0.2836977,0.236412078,0.281642512,0.473333333,0.35952381,0.52358744
0.107525007,0.110045178,0.105783283,0.142628774,0.12705314,0.163492063,0.102380952,0.112395872
0.115160136,0.107783751,0.115601964,0.1,0.1,0.105079365,0.102380952,0.118282381
0.151170047,0.129257212,0.135043684,0.1,0.1,0.1,0.1,0.147930946
0.143461503,0.197725953,0.160268686,0.159680284,0.185024155,0.15968254,0.1,0.166904587
0.140891989,0.147166906,0.121845329,0.1,0.1,0.1,0.1,0.150415161
0.299834817,0.338731986,0.243934943,0.188099467,0.103864734,0.214285714,0.197619048,0.379754999
0.126135634,0.115718937,0.116984362,0.1,0.1,0.102539683,0.114285714,0.133601707
0.398210517,0.548136089,0.290379649,0.105683837,0.1,0.153333333,0.104761905,0.363733613
0.120115628,0.124068045,0.120342536,0.162522202,0.111594203,0.160952381,0.245238095,0.144384639
0.104221345,0.10699629,0.103626914,0.1,0.1,0.1,0.1,0.108034095
0.125254657,0.119787486,0.111125832,0.1,0.1,0.1,0.1,0.125609015
0.15153712,0.178937937,0.135430669,0.1,0.1,0.1,0.1,0.165230442
0.205863999,0.248002322,0.17215129,0.1,0.1,0.107619048,0.102380952,0.225949695
0.136487107,0.225448626,0.17561911,0.182415631,0.138647343,0.152063492,0.123809524,0.273725827
0.118684041,0.117334242,0.111097883,0.1,0.1,0.1,0.1,0.121720679
0.116995503,0.113719997,0.106090721,0.1,0.1,0.1,0.1,0.114466051
0.131715151,0.107369829,0.122438707,0.111367673,0.1,0.1,0.116666667,0.133889731
0.101358172,0.100565357,0.100963164,0.1,0.1,0.1,0.1,0.101591338
0.130981004,0.118091416,0.117919577,0.1,0.1,0.102539683,0.1,0.12623907
0.150068826,0.139898034,0.134297662,0.102841918,0.107729469,0.160952381,0.135714286,0.150325153
0.10554281,0.108409682,0.103076534,0.1,0.1,0.1,0.1,0.109355409
0.342415344,0.330049721,0.26823978,0.139786856,0.177294686,0.216825397,0.195238095,0.436639919
0.273405524,0.209224906,0.182898736,0.1,0.146376812,0.1,0.142857143,0.228019874
0.10484537,0.106087681,0.103515118,0.1,0.1,0.1,0.1,0.106035922
0.447398367,0.40217309,0.214343455,0.1,0.1,0.105079365,0.1,0.352392632
0.128338075,0.118303425,0.113535892,0.142628774,0.1,0.168571429,0.104761905,0.138930167
0.105212444,0.103553671,0.104276189,0.1,0.1,0.1,0.1,0.106203337
0.110131229,0.106481411,0.104719073,0.1,0.1,0.1,0.1,0.110147478
0.128925392,0.13267964,0.116126544,0.1,0.1,0.13047619,0.111904762,0.132845641
0.109066716,0.112518614,0.121135856,0.111367673,0.246859903,0.331111111,0.1,0.16728262
0.107561714,0.112740718,0.104577178,0.11705151,0.1,0.1,0.114285714,0.111423788
0.159612737,0.143916105,0.125895777,0.1,0.107729469,0.102539683,0.1,0.140766326
0.213572543,0.215272204,0.183891999,0.188099467,0.262318841,0.226984127,0.14047619,0.322870078
0.366642195,0.40486863,0.191221074,0.162522202,0.277777778,0.237142857,0.176190476,0.386955622
0.391603194,0.520898009,0.232757513,0.1,0.1,0.1,0.1,0.34069162
0.275975039,0.366505136,0.169087655,0.1,0.1,0.1,0.1,0.260890717
0.164751767,0.198503319,0.155777505,0.151154529,0.239130435,0.313333333,0.185714286,0.207876131
0.120519409,0.117344338,0.107561266,0.108525755,0.1,0.138095238,0.138095238,0.118048361
0.130981004,0.113538275,0.120166243,0.105683837,0.1,0.102539683,0.1,0.131891559
0.129879783,0.109075995,0.118781695,0.102841918,0.103864734,0.11015873,0.102380952,0.131603534
0.145296871,0.173112743,0.131775806,0.1,0.1,0.11015873,0.1,0.179811704
0.155574929,0.162572878,0.126278463,0.1,0.1,0.1,0.1,0.164312363
0.130246857,0.107985664,0.129413045,0.102841918,0.1,0.1,0.1,0.129623362
0.1239699,0.127207794,0.1186226,0.1,0.1,0.135555556,0.1,0.125447001
0.121326971,0.112710431,0.113793882,0.1,0.1,0.1,0.1,0.123088797
0.186409103,0.187791828,0.141579438,0.1,0.157971014,0.1,0.119047619,0.212160502
0.148967606,0.173819439,0.130326761,0.1,0.1,0.133015873,0.119047619,0.181863881
0.123566119,0.121645087,0.111016186,0.105683837,0.103864734,0.138095238,0.252380952,0.129371341
0.104588419,0.105118498,0.103360324,0.105683837,0.134782609,0.1,0.104761905,0.106365351
0.124043315,0.126904924,0.114023923,0.1,0.1,0.1,0.1,0.13190956
0.123529412,0.123371444,0.111499918,0.1,0.103864734,0.122857143,0.10952381,0.127769202
0.1214738,0.125289619,0.112632925,0.139786856,0.150241546,0.105079365,0.114285714,0.125915042
0.166587134,0.172769491,0.136755019,0.136944938,0.18115942,0.171111111,0.13452381,0.32034986
0.139056621,0.125420863,0.131967149,0.1,0.1,0.105079365,0.1,0.137778068
0.303872625,0.284639459,0.254353452,0.182415631,0.138647343,0.155873016,0.161904762,0.312969222
0.1504359,0.152245022,0.126446157,0.145470693,0.130917874,0.117777778,0.111904762,0.164312363
0.170624943,0.197917771,0.142389958,0.1,0.1,0.12031746,0.1,0.176085381
0.178333486,0.206347644,0.160655672,0.111367673,0.1,0.163492063,0.14047619,0.296227774
0.136120033,0.138514929,0.156540726,0.21651865,0.142512077,0.554603175,0.104761905,0.21376264
0.147132238,0.202531486,0.130963137,0.1,0.1,0.1,0.1,0.164906414
0.109360374,0.110711491,0.104607277,0.1,0.1,0.102539683,0.1,0.11167581
0.137221254,0.169155246,0.12555394,0.102841918,0.1,0.1,0.1,0.151261234
0.119344774,0.116647737,0.115819106,0.1,0.1,0.1,0.1,0.123214808
0.202927411,0.219148936,0.181883974,0.102841918,0.1,0.155873016,0.10952381,0.210540362
0.154473708,0.192587264,0.135213527,0.145470693,0.150241546,0.285396825,0.226190476,0.178695607
0.128044416,0.125168471,0.11516983,0.1,0.1,0.1,0.1,0.132089576
0.159612737,0.139635547,0.134407308,0.1,0.1,0.102539683,0.102380952,0.16613052
0.171726163,0.200078241,0.148650523,0.1,0.1,0.1,0.1,0.186436277
0.1504359,0.172819969,0.144759169,0.136944938,0.130917874,0.158412698,0.144047619,0.187714387
0.304606773,0.196231796,0.171794403,0.131261101,0.227536232,0.105079365,0.104761905,0.207552103
0.293594567,0.357651246,0.28210461,0.620071048,0.9,0.458095238,0.495238095,0.323410125
0.235596953,0.238906136,0.182200012,0.1,0.103864734,0.143174603,0.121428571,0.253852108
0.137221254,0.128752429,0.122281763,0.108525755,0.1,0.178730159,0.147619048,0.143034522
0.117435992,0.122876757,0.121789432,0.142628774,0.188888889,0.209206349,0.1,0.136193931
0.16511884,0.201107998,0.143720758,0.111367673,0.1,0.107619048,0.107142857,0.183087987
0.297999449,0.348302668,0.238196809,0.193783304,0.103864734,0.338730159,0.147619048,0.272429715
0.216509131,0.246114434,0.187832801,0.102841918,0.1,0.127936508,0.102380952,0.2283259
0.346086079,0.377176245,0.225492936,0.119893428,0.107729469,0.125396825,0.138095238,0.454461461
0.20696522,0.242106459,0.159075481,0.145470693,0.20821256,0.1,0.123809524,0.339431511
0.140891989,0.130155725,0.126852491,0.114209591,0.12705314,0.148253968,0.121428571,0.164240357
0.262393319,0.303084223,0.17801627,0.1,0.1,0.107619048,0.107142857,0.286506933
0.134651739,0.137495268,0.117330499,0.105683837,0.111594203,0.105079365,0.104761905,0.150037128
0.217977425,0.149963403,0.163607511,0.1,0.1,0.105079365,0.107142857,0.180387754
0.119895384,0.118424573,0.110102471,0.1,0.1,0.1,0.1,0.118570406
0.114095623,0.114174302,0.107604264,0.1,0.1,0.1,0.1,0.116446223
0.181270074,0.214706847,0.166591599,0.122735346,0.130917874,0.143174603,0.119047619,0.211944483
0.117215747,0.112538805,0.110556103,0.1,0.1,0.1,0.1,0.119128455
0.210635955,0.155748214,0.178158164,0.139786856,0.2352657,0.135555556,0.119047619,0.192502801
0.408121501,0.322548648,0.313278439,0.165364121,0.2352657,0.262539683,0.207142857,0.374714563
0.148233459,0.136707806,0.125171255,0.1,0.1,0.1,0.1,0.14785894
0.110131229,0.114547841,0.106073522,0.1,0.1,0.1,0.1,0.114196028
0.138322474,0.112972918,0.137759032,0.171047957,0.150241546,0.223174603,0.152380952,0.168254704
0.252849408,0.3112718,0.206846687,0.122735346,0.107729469,0.148253968,0.157142857,0.256498337
0.107047811,0.112397466,0.104385835,0.1,0.1,0.1,0.1,0.111268975
0.720133982,0.635049595,0.265472834,0.1,0.1,0.1,0.102380952,0.572191645
0.110828668,0.112114788,0.106082122,0.1,0.1,0.1,0.10952381,0.114232031
0.104404882,0.107077055,0.10320123,0.11705151,0.134782609,0.105079365,0.1,0.107114215
0.100660732,0.100393731,0.100647126,0.1,0.1,0.1,0.1,0.101690346
0.105873176,0.113184927,0.104196642,0.1,0.1,0.1,0.104761905,0.108073698
0.156309076,0.173395422,0.157142704,0.111367673,0.1,0.112698413,0.126190476,0.172665086
0.104882078,0.10729916,0.103037836,0.1,0.115458937,0.1,0.102380952,0.107692065
0.12951271,0.14076626,0.12795325,0.182415631,0.273913043,0.277777778,0.169047619,0.300188116
0.10194549,0.104250271,0.102517555,0.111367673,0.262318841,0.1,0.1,0.105258255
0.126466,0.105885768,0.121957125,0.105683837,0.1,0.153333333,0.1,0.121756682
0.105689639,0.108187577,0.104200942,0.1,0.1,0.12031746,0.104761905,0.109981863
0.108662935,0.107914995,0.104379385,0.1,0.1,0.1,0.1,0.109467019
0.100403781,0.100585548,0.100309588,0.105683837,0.103864734,0.135555556,0.10952381,0.101540933
0.102018904,0.10492668,0.101476995,0.111367673,0.12705314,0.1,0.1,0.10405035
0.140891989,0.110539865,0.122857941,0.1,0.1,0.1,0.1,0.132377601
0.136487107,0.142250322,0.122965437,0.1,0.1,0.1,0.1,0.146760845
0.144929797,0.133780066,0.127205078,0.1,0.1,0.115238095,0.121428571,0.148200969
0.106020006,0.106723707,0.105731685,0.1,0.119323671,0.102539683,0.116666667,0.108046696
0.109397082,0.104684385,0.110467957,0.1,0.1,0.1,0.1,0.112197855
0.140157842,0.136869337,0.119551366,0.1,0.1,0.102539683,0.102380952,0.146094787
0.186409103,0.141452765,0.138429806,0.1,0.1,0.105079365,0.1,0.174951283
0.121106727,0.126743394,0.146070619,0.162522202,0.14057971,0.206666667,0.1,0.155221577
0.122831972,0.121190783,0.114032523,0.168206039,0.188888889,0.145714286,0.19047619,0.130757461
0.138322474,0.137939477,0.13007092,0.102841918,0.1,0.102539683,0.102380952,0.145104702
0.126282463,0.128166881,0.109788582,0.1,0.1,0.1,0.1,0.132035571
0.155207855,0.139857651,0.132801318,0.148312611,0.1,0.234603175,0.19047619,0.209604281
0.241470129,0.240541632,0.154270411,0.1,0.103864734,0.168571429,0.119047619,0.24924371
0.179067633,0.202511295,0.163708557,0.1,0.1,0.1,0.1,0.201125547
0.115417087,0.113346458,0.10986168,0.1,0.1,0.11015873,0.107142857,0.116500227
0.306075067,0.30211504,0.218565896,0.122735346,0.103864734,0.1,0.164285714,0.280746435
0.194851794,0.325001893,0.226056215,0.236412078,0.362801932,0.558412698,0.254761905,0.336011215
0.323327521,0.283619798,0.202159863,0.11705151,0.1,0.1,0.119047619,0.329350639
0.132816371,0.151053734,0.127334073,0.301776199,0.227536232,0.201587302,0.128571429,0.235526523
0.1074883,0.1113879,0.104852368,0.202309059,0.1,0.24984127,0.366666667,0.116824255
0.144562724,0.169599455,0.128413333,0.1,0.1,0.168571429,0.102380952,0.159613957
0.108626227,0.108066429,0.104181593,0.105683837,0.115458937,0.181269841,0.135714286,0.10948322
0.151904194,0.144511749,0.130006423,0.1,0.1,0.1,0.1,0.155887634
0.134651739,0.124209384,0.112007299,0.105683837,0.1,0.102539683,0.128571429,0.140316287
0.1024961,0.105370889,0.101565141,0.131261101,0.138647343,0.232063492,0.197619048,0.104071952
0.104111223,0.106774185,0.103343124,0.131261101,0.107729469,0.102539683,0.1,0.107294231
0.109433789,0.11099417,0.105125407,0.1,0.1,0.1,0.1,0.111801821
0.10679086,0.104512758,0.104759921,0.1,0.1,0.1,0.1,0.107917085
0.115857575,0.117354433,0.110416359,0.102841918,0.1,0.1,0.1,0.119236464
0.149701753,0.134204084,0.13301416,0.119893428,0.103864734,0.102539683,0.126190476,0.256930374
0.186776177,0.281873249,0.19024501,0.188099467,0.242995169,0.313333333,0.176190476,0.326110359
0.162182252,0.179594155,0.148102293,0.11705151,0.103864734,0.186349206,0.154761905,0.221611319
0.124777462,0.115072815,0.108634076,0.102841918,0.1,0.143174603,0.104761905,0.120064536
0.174662751,0.200199389,0.157233,0.239253996,0.521256039,0.337460317,0.221428571,0.271943673
0.175763972,0.150235986,0.189784927,0.193783304,0.188888889,0.442857143,0.29047619,0.27768617
0.158144443,0.160119634,0.194402954,0.426820604,0.293236715,0.343809524,0.178571429,0.30936891
0.125438194,0.11884859,0.112624326,0.1,0.103864734,0.117777778,0.104761905,0.129389342
0.124593925,0.124431488,0.111637513,0.1,0.1,0.1,0.1,0.127967219
0.168422502,0.23996618,0.146605949,0.1,0.1,0.648571429,0.1,0.163304276
0.159979811,0.186873123,0.13674642,0.1,0.1,0.102539683,0.1,0.17144098
0.124887584,0.124512254,0.114215266,0.131261101,0.138647343,0.102539683,0.102380952,0.1277512
0.313416537,0.251879054,0.214493949,0.105683837,0.1,0.171111111,0.116666667,0.346092087
0.25615307,0.209689306,0.19476414,0.202309059,0.173429952,0.202857143,0.133333333,0.283266653
0.120629531,0.121847,0.109928327,0.1,0.1,0.102539683,0.102380952,0.124222895
0.130246857,0.136011206,0.114817243,0.105683837,0.1,0.221904762,0.152380952,0.135815898
0.114866477,0.110519674,0.111764358,0.1,0.1,0.112698413,0.1,0.117814341
0.31268239,0.315148532,0.226778588,0.105683837,0.1,0.138095238,0.114285714,0.294967665
0.187510324,0.142714722,0.13807722,0.1,0.12705314,0.1,0.1,0.188164426
0.142727356,0.130862421,0.11542782,0.1,0.1,0.1,0.1,0.147174881
0.104882078,0.104603619,0.102448758,0.1,0.1,0.1,0.1,0.10508184
0.102899881,0.105552611,0.102444458,0.105683837,0.1,0.125396825,0.126190476,0.106235739
0.123015509,0.124582923,0.11170846,0.1,0.1,0.1,0.1,0.127031138
0.176865192,0.232677116,0.149615836,0.122735346,0.103864734,0.150793651,0.111904762,0.218857081
0.107231348,0.109288004,0.104160094,0.1,0.1,0.1,0.1,0.108104301
0.15777737,0.248436435,0.171775054,0.153996448,0.119323671,0.262539683,0.147619048,0.237164665
0.113251354,0.105492037,0.124633775,0.102841918,0.1,0.1,0.1,0.11941648
0.108185739,0.114234875,0.113376798,0.139786856,0.1,0.209206349,0.135714286,0.138552135
0.163283473,0.181865677,0.136660423,0.1,0.1,0.102539683,0.1,0.173565163
0.151170047,0.167398602,0.147760456,0.102841918,0.1,0.226984127,0.178571429,0.166796578
0.121143434,0.118353903,0.12875517,0.136944938,0.161835749,0.272698413,0.197619048,0.160208008
0.104111223,0.105522324,0.103504368,0.1,0.1,0.1,0.1,0.105843305
0.111305864,0.110953787,0.112052447,0.136944938,0.260386473,0.150793651,0.123809524,0.115942179
0.156676149,0.200926276,0.152606374,0.108525755,0.119323671,0.201587302,0.15,0.198587328
0.166587134,0.143653618,0.188570223,0.176731794,0.331884058,0.418730159,0.219047619,0.234212409
0.261292099,0.202470912,0.227647155,0.108525755,0.1,0.341269841,0.230952381,0.271763658
0.118684041,0.116859746,0.110412059,0.1,0.1,0.1,0.1,0.12150466
0.124410388,0.126400141,0.111917002,0.1,0.1,0.105079365,0.1,0.129569358
0.119197944,0.115910754,0.111428971,0.1,0.107729469,0.143174603,0.167857143,0.120766596
0.146031018,0.124421393,0.120095295,0.1,0.123188406,0.1,0.1,0.145284717
0.144562724,0.130458595,0.114350711,0.153996448,0.173429952,0.1,0.1,0.175059293
0.123015509,0.108439969,0.12128635,0.1,0.1,0.102539683,0.1,0.123682849
0.11218684,0.109863456,0.106641101,0.102841918,0.1,0.1,0.1,0.112575888
0.36187024,0.295048081,0.282930179,0.227886323,0.150241546,0.295555556,0.261904762,0.361213395
0.171726163,0.169024002,0.150864939,0.102841918,0.1,0.127936508,0.121428571,0.182511937
0.10319354,0.105825194,0.104723373,0.171047957,0.138647343,0.26,0.261904762,0.186724302
0.229723777,0.206165922,0.179927548,0.125577265,0.134782609,0.201587302,0.138095238,0.35491285
0.105909883,0.108490447,0.104510531,0.102841918,0.1,0.12031746,0.10952381,0.109380611
0.10359732,0.112841675,0.102218717,0.136944938,0.188888889,0.299365079,0.1,0.113169939
0.127493806,0.127409707,0.109648838,0.102841918,0.123188406,0.1,0.102380952,0.124402911
0.105579517,0.112023927,0.106439008,0.148312611,0.227536232,0.1,0.107142857,0.11873242
0.111599523,0.111983544,0.11890854,0.13410302,0.138647343,0.282857143,0.25,0.141756412
0.103487198,0.106430933,0.102412209,0.1,0.1,0.1,0.1,0.104687605
0.141259062,0.119444234,0.145816929,0.105683837,0.1,0.102539683,0.1,0.1393082
0.12327246,0.12384594,0.116203941,0.1,0.1,0.1,0.1,0.129731372
0.100073415,0.100363444,0.100144045,0.108525755,0.1,0.107619048,0.107142857,0.10011341
0.20072497,0.203530956,0.157925274,0.1,0.1,0.1,0.10952381,0.202439661
0.470523997,0.426231039,0.304887304,0.145470693,0.134782609,0.237142857,0.183333333,0.471922971
0.118353675,0.111418187,0.108857667,0.1,0.103864734,0.1,0.107142857,0.157507774
0.137588327,0.120655713,0.131547915,0.1,0.1,0.1,0.1,0.127661193
0.197054235,0.194242952,0.179164326,0.1,0.1,0.1,0.102380952,0.224365558
0.172093237,0.294381767,0.148583875,0.1,0.1,0.1,0.1,0.199271387
0.321492154,0.239471492,0.285976614,0.156838366,0.142512077,0.336190476,0.195238095,0.27768617
0.126172341,0.12891396,0.115750308,0.1,0.1,0.1,0.1,0.135437865
0.105212444,0.10553242,0.102850793,0.1,0.1,0.1,0.1,0.105213251
0.103634028,0.105249741,0.104031099,0.1,0.1,0.1,0.1,0.105720895
0.107561714,0.104007976,0.107311875,0.1,0.1,0.102539683,0.1,0.11016908
0.347554373,0.329706469,0.334601338,0.182415631,0.212077295,0.204126984,0.152380952,0.305048537
0.141626136,0.139090381,0.123939351,0.1,0.1,0.196507937,0.1,0.143160533
0.173561531,0.13353777,0.145206352,0.1,0.1,0.102539683,0.1,0.151711273
0.113288061,0.110024987,0.108973763,0.105683837,0.103864734,0.125396825,0.10952381,0.115240118
0.104037809,0.107258777,0.102844343,0.124156306,0.188888889,0.105079365,0.130952381,0.110322093
0.1504359,0.177716363,0.131829554,0.1,0.1,0.1,0.1,0.167822667
0.122354777,0.147146715,0.113731534,0.19946714,0.273913043,0.145714286,0.183333333,0.139380206
0.105469395,0.103725297,0.10479432,0.1,0.1,0.1,0.1,0.10728703
0.104918785,0.107016481,0.10293464,0.1,0.1,0.1,0.1,0.106493162
0.115343673,0.114870902,0.109481144,0.11705151,0.192753623,0.117777778,0.133333333,0.119110453
0.159979811,0.118878877,0.149265399,0.202309059,0.200483092,0.133015873,0.111904762,0.218119017
0.103817564,0.106370359,0.102760496,0.102841918,0.111594203,0.115238095,0.104761905,0.105731696
0.209901808,0.299015674,0.182900886,0.125577265,0.119323671,0.102539683,0.171428571,0.384075373
0.142360283,0.151790717,0.123124531,0.128419183,0.134782609,0.138095238,0.104761905,0.159469944
0.140157842,0.177554832,0.126340811,0.1,0.115458937,0.102539683,0.104761905,0.152863373
0.116958796,0.111317231,0.113209104,0.1,0.1,0.102539683,0.1,0.116356215
0.138322474,0.12807602,0.112136294,0.105683837,0.1,0.102539683,0.107142857,0.136859988
0.127163439,0.125673254,0.11251038,0.1,0.1,0.1,0.1,0.129929389
0.103303662,0.106441029,0.102339112,0.1,0.1,0.1,0.1,0.104766812
0.125291365,0.115587693,0.111233328,0.139786856,0.1,0.373015873,0.157142857,0.124240897
0.127163439,0.131518639,0.113120957,0.1,0.1,0.102539683,0.1,0.135599879
0.126098926,0.123926706,0.113959426,0.1,0.1,0.1,0.1,0.129083316
0.222382307,0.276835517,0.188983008,0.102841918,0.1,0.1,0.128571429,0.259900631
0.244406717,0.32333611,0.313437533,0.244937833,0.188888889,0.298095238,0.458333333,0.579932314
0.121400385,0.154102622,0.114479706,0.108525755,0.15410628,0.163492063,0.24047619,0.138192104
0.1239699,0.119827869,0.112658725,0.119893428,0.173429952,0.102539683,0.1,0.130721457
0.121877581,0.137111633,0.11225884,0.111367673,0.103864734,0.204126984,0.10952381,0.130145408
0.117692943,0.122927236,0.119792157,0.1,0.1,0.13047619,0.1,0.127067141
0.108736349,0.113255597,0.10905761,0.1,0.1,0.112698413,0.1,0.115762163
0.103927687,0.120201408,0.111643963,0.102841918,0.1,0.138095238,0.1,0.111227571
0.113067817,0.117415007,0.128583176,0.1,0.1,0.158412698,0.107142857,0.125537009
0.114315867,0.115819893,0.116997262,0.108525755,0.1,0.133015873,0.1,0.121306643
0.183472515,0.210042654,0.163960097,0.1,0.1,0.150793651,0.119047619,0.216390868
0.127053317,0.128419273,0.115399872,0.1,0.1,0.1,0.1,0.132071574
0.100624025,0.100585548,0.100339687,0.1,0.1,0.1,0.1,0.101323114
0.104625126,0.107783751,0.102951839,0.1,0.1,0.1,0.1,0.107407641
0.156309076,0.179180233,0.149347096,0.131261101,0.103864734,0.193968254,0.238095238,0.209172243
0.161815178,0.131478256,0.161642485,0.1,0.1,0.353968254,0.130952381,0.181143819
0.133183445,0.123522879,0.121052009,0.1,0.1,0.1,0.104761905,0.136679973
0.248077453,0.200774842,0.189406542,0.1,0.1,0.1,0.1,0.222151366
0.395273929,0.399003054,0.275523707,0.188099467,0.1,0.23968254,0.19047619,0.376154687
0.160713958,0.153668509,0.147517515,0.165364121,0.1,0.216825397,0.228571429,0.237704711
0.101982197,0.105421367,0.10159524,0.1,0.1,0.1,0.1,0.103841532
0.114536111,0.112589283,0.105226454,0.1,0.1,0.1,0.102380952,0.1150241
0.141626136,0.22204639,0.14791955,0.156838366,0.2352657,0.22952381,0.183333333,0.206994055
0.147866385,0.156364049,0.129649536,0.1,0.1,0.105079365,0.1,0.152359329
0.105249151,0.108177482,0.105284502,0.136944938,0.190821256,0.163492063,0.154761905,0.11352997
0.105836469,0.107410212,0.10373011,0.102841918,0.123188406,0.153333333,0.1,0.106260942
0.122758557,0.119232225,0.11010462,0.1,0.1,0.1,0.1,0.123916869
0.111489401,0.106249211,0.121512092,0.102841918,0.107729469,0.117777778,0.116666667,0.12843526
0.102055612,0.100948992,0.101836031,0.1,0.1,0.1,0.1,0.102016174
0.168789575,0.157444285,0.180555324,0.165364121,0.12705314,0.22952381,0.451190476,0.204599848
0.337643388,0.356783019,0.193747229,0.176731794,0.328019324,0.13047619,0.123809524,0.268307359
0.106607323,0.107935186,0.10346352,0.1,0.1,0.1,0.1,0.107495848
0.201826191,0.246861513,0.162513202,0.114209591,0.146376812,0.186349206,0.130952381,0.254590172
0.108405983,0.107854421,0.104140744,0.111367673,0.138647343,0.115238095,0.10952381,0.109562427
0.148967606,0.130902804,0.1359488,0.193783304,0.328019324,0.27015873,0.235714286,0.167570645
0.106056713,0.107591934,0.103635513,0.1,0.1,0.1,0.1,0.107308632
0.137221254,0.139544686,0.124881015,0.1,0.1,0.102539683,0.1,0.149155052
0.687097366,0.80909871,0.369221487,0.122735346,0.1,0.183809524,0.111904762,0.564811006
0.123566119,0.116829459,0.110734547,0.1,0.1,0.1,0.1,0.123088797
0.170992016,0.165298705,0.148998809,0.1,0.1,0.1,0.1,0.176391408
0.121400385,0.116314581,0.110938789,0.1,0.1,0.11015873,0.107142857,0.121054621
0.177599339,0.217796118,0.151079931,0.1,0.119323671,0.1,0.107142857,0.191980756
0.101137928,0.100858131,0.100496631,0.1,0.1,0.1,0.1,0.100822671
0.147132238,0.181027738,0.136350835,0.102841918,0.1,0.105079365,0.1,0.16035202
0.11108562,0.109399056,0.111323625,0.105683837,0.146376812,0.13047619,0.107142857,0.115078104
0.13061393,0.132195048,0.114507655,0.1,0.1,0.1,0.126190476,0.130667453
0.122648435,0.126349663,0.11278342,0.1,0.1,0.1,0.1,0.12994739
0.117252455,0.113952197,0.108993112,0.1,0.1,0.153333333,0.128571429,0.117598322
0.103487198,0.106097776,0.102266015,0.1,0.1,0.1,0.1,0.104964829
0.255051849,0.329070442,0.177091804,0.1,0.1,0.1,0.1,0.236264587
0.194117647,0.300519926,0.208717116,0.151154529,0.111594203,0.214285714,0.1,0.293887571
0.103817564,0.102655158,0.101980076,0.1,0.1,0.1,0.1,0.104655203
0.120005506,0.114164206,0.107479569,0.105683837,0.1,0.102539683,0.1,0.117976355
0.127126732,0.121493652,0.114868841,0.119893428,0.103864734,0.133015873,0.111904762,0.12982138
0.1504359,0.176767371,0.150346809,0.125577265,0.111594203,0.196507937,0.104761905,0.164978421
0.25615307,0.206620227,0.2078206,0.168206039,0.109661836,0.247301587,0.24047619,0.406577319
0.107194641,0.104644002,0.104888916,0.1,0.1,0.1,0.1,0.108419328
0.169523722,0.200280154,0.17002287,0.1,0.1,0.12031746,0.116666667,0.183772046
0.174662751,0.151720047,0.144367883,0.1,0.1,0.11015873,0.1,0.176247395
0.216509131,0.232757881,0.169896025,0.1,0.1,0.102539683,0.10952381,0.220729243
0.107561714,0.112680144,0.104824419,0.1,0.1,0.1,0.1,0.111801821
0.115013306,0.113447414,0.105961726,0.153996448,0.142512077,0.188888889,0.152380952,0.11930847
0.105946591,0.108470256,0.104422384,0.1,0.1,0.1,0.1,0.109047583
0.101431587,0.100959087,0.100862118,0.1,0.1,0.1,0.1,0.10162374
0.470523997,0.480273088,0.239684553,0.122735346,0.1,0.127936508,0.152380952,0.490644591
0.103156832,0.104593524,0.102513256,0.1,0.1,0.1,0.1,0.104340175
0.101284757,0.100353348,0.100436434,0.1,0.1,0.102539683,0.1,0.100295226
0.103817564,0.104704576,0.103171131,0.1,0.1,0.1,0.1,0.10496663
0.119748555,0.115678554,0.110571153,0.108525755,0.103864734,0.138095238,0.111904762,0.123664847
0.16401762,0.186237096,0.156127942,0.105683837,0.1,0.102539683,0.1,0.176409409
0.204395705,0.2048232,0.160526676,0.128419183,0.107729469,0.138095238,0.119047619,0.275886014
0.175396898,0.227154792,0.150366158,0.232149201,0.130917874,0.148253968,0.121428571,0.222961436
0.115820868,0.112417657,0.109448895,0.108525755,0.1,0.125396825,0.15,0.118534403
0.104037809,0.102039323,0.102435859,0.102841918,0.107729469,0.1,0.1,0.103324888
0.110755254,0.113790667,0.10772036,0.1,0.1,0.1,0.1,0.116320212
0.102239148,0.105744428,0.101455495,0.102841918,0.1,0.1,0.1,0.104003546
0.191548133,0.193879508,0.177640034,0.179573712,0.161835749,0.242222222,0.204761905,0.258568516
0.442626411,0.446604074,0.27223433,0.18383659,0.237198068,0.166031746,0.192857143,0.364093644
0.134284666,0.130761465,0.131341523,0.270515098,0.12705314,0.246031746,0.452380952,0.316389518
0.203294485,0.191264733,0.154466054,0.1,0.1,0.102539683,0.111904762,0.19954141
0.125988804,0.111498953,0.11330155,0.105683837,0.103864734,0.1,0.1,0.126725112
0.193016427,0.120201408,0.142280312,0.102841918,0.204347826,0.1,0.1,0.150199142
0.232293292,0.227003357,0.176369431,0.108525755,0.1,0.22952381,0.1,0.303788428
0.470523997,0.568236541,0.277544631,0.122735346,0.1,0.1,0.1,0.41953844
0.185307883,0.21421216,0.164992059,0.1,0.1,0.1,0.1,0.194554979
0.159245664,0.132800787,0.131025485,0.131261101,0.103864734,0.153333333,0.111904762,0.168002682
0.129879783,0.155273718,0.127471668,0.153996448,0.165700483,0.150793651,0.135714286,0.15028915
0.12756722,0.114547841,0.11729395,0.151154529,0.130917874,0.211746032,0.130952381,0.127139148
0.191181059,0.206933192,0.170407705,0.108525755,0.1,0.26,0.126190476,0.262402848
0.149334679,0.107289064,0.165600486,0.193783304,0.130917874,0.27015873,0.238095238,0.195293043
0.105799761,0.109954317,0.103598965,0.105683837,0.115458937,0.140634921,0.152380952,0.110449904
0.144562724,0.187620201,0.171923398,0.1,0.173429952,0.221904762,0.147619048,0.305768599
0.14419565,0.137051059,0.125261551,0.1,0.1,0.1,0.1,0.149659096
0.162182252,0.202874738,0.157463042,0.145470693,0.177294686,0.117777778,0.119047619,0.206886046
0.166587134,0.214767421,0.164491128,0.188099467,0.161835749,0.171111111,0.169047619,0.200567499
0.131348077,0.149509099,0.130539603,0.182415631,0.169565217,0.150793651,0.192857143,0.256336323
0.109800863,0.10945963,0.109801482,0.1,0.1,0.12031746,0.1,0.113205942
0.114279159,0.117425103,0.107554816,0.102841918,0.134782609,0.127936508,0.104761905,0.118678416
0.110865376,0.118586103,0.105770383,0.114209591,0.161835749,0.23968254,0.123809524,0.113980009
0.104368175,0.104169506,0.103633364,0.1,0.1,0.102539683,0.1,0.10623754
0.198889603,0.241753111,0.198305057,0.122735346,0.1,0.315873016,0.20952381,0.28416673
0.339845829,0.221894955,0.224484624,0.179573712,0.223671498,0.376825397,0.178571429,0.241809066
0.113691842,0.10446228,0.112607126,0.108525755,0.119323671,0.22952381,0.14047619,0.126959132
0.156676149,0.181885869,0.150020021,0.148312611,0.119323671,0.196507937,0.128571429,0.176463414
0.124704047,0.128045733,0.112551229,0.139786856,0.161835749,0.125396825,0.121428571,0.128831294
0.130981004,0.132356579,0.120624175,0.1,0.1,0.102539683,0.104761905,0.132989654
0.11593099,0.115930946,0.108610427,0.1,0.1,0.191428571,0.126190476,0.117706332
0.149701753,0.12314934,0.124089845,0.1,0.1,0.1,0.1,0.143772586
0.121657337,0.114527649,0.113557391,0.1,0.1,0.148253968,0.121428571,0.125014964
0.140891989,0.133992075,0.118007724,0.1,0.134782609,0.102539683,0.102380952,0.143376552
0.124924291,0.133032988,0.115528867,0.185257549,0.254589372,0.181269841,0.171428571,0.133907733
0.111746352,0.109792787,0.12236776,0.105683837,0.1,0.135555556,0.1,0.134519786
0.144929797,0.130186012,0.114077671,0.1,0.1,0.105079365,0.1,0.148200969
0.220179866,0.321054491,0.197083903,0.131261101,0.138647343,0.232063492,0.178571429,0.280386403
0.125291365,0.106865046,0.112854367,0.102841918,0.1,0.1,0.1,0.123538836
0.123639534,0.125733828,0.111424671,0.1,0.1,0.1,0.1,0.128399257
0.307543361,0.163279574,0.235062227,0.188099467,0.1,0.168571429,0.119047619,0.219361125
0.146031018,0.146813558,0.132038097,0.1,0.1,0.1,0.1,0.176373406
0.109654033,0.108863986,0.108017049,0.1,0.1,0.125396825,0.114285714,0.112521883
0.126943195,0.113578658,0.129993523,0.1,0.1,0.12031746,0.102380952,0.127157149
0.27083601,0.213687186,0.244334828,0.159680284,0.157971014,0.221904762,0.20952381,0.274985936
0.101982197,0.103876732,0.101515693,0.1,0.1,0.1,0.1,0.102754238
0.129879783,0.124421393,0.115464369,0.128419183,0.1,0.1,0.102380952,0.134663798
0.120519409,0.117102042,0.111577315,0.1,0.1,0.1,0.1,0.12231473
0.13061393,0.134234371,0.115773957,0.1,0.1,0.1,0.111904762,0.138102096
0.104221345,0.102836879,0.103807507,0.1,0.1,0.1,0.1,0.105521078
0.336909241,0.357429141,0.255677802,0.11705151,0.111594203,0.12031746,0.154761905,0.323950172
0.134651739,0.128166881,0.121430395,0.119893428,0.107729469,0.191428571,0.133333333,0.143808589
0.111048913,0.108803412,0.105576891,0.1,0.1,0.1,0.1,0.111639807
0.130981004,0.156969789,0.121727084,0.105683837,0.130917874,0.13047619,0.119047619,0.141000347
0.105983298,0.11076197,0.102949689,0.1,0.1,0.1,0.1,0.107890082
0.164384693,0.156777971,0.138251363,0.1,0.1,0.1,0.1,0.167228615
0.117142333,0.114527649,0.107296826,0.1,0.1,0.1,0.1,0.114790079
0.543938699,0.494477676,0.396239523,0.284724689,0.339613527,0.247301587,0.230952381,0.529167923
0.427576397,0.422465359,0.302144007,0.125577265,0.173429952,0.275238095,0.15,0.422058658
0.137221254,0.147742359,0.140951662,0.202309059,0.16763285,0.153333333,0.1,0.160388024
0.111452693,0.110035082,0.109115658,0.131261101,0.204347826,0.209206349,0.14047619,0.115852171
0.152271267,0.13484011,0.123401871,0.1,0.1,0.102539683,0.102380952,0.153187401
0.114719648,0.116799172,0.107421521,0.162522202,0.212077295,0.219365079,0.176190476,0.124672934
0.132449298,0.13467858,0.121073508,0.1,0.1,0.105079365,0.1,0.140658317
0.111415986,0.112639762,0.10692704,0.1,0.1,0.1,0.1,0.113547972
0.417665412,0.575232831,0.401954008,0.148312611,0.1,0.223174603,0.178571429,0.668679991
0.136120033,0.119212034,0.122649399,0.1,0.1,0.1,0.1,0.135545875
0.12327246,0.115264632,0.115498768,0.1,0.1,0.1,0.1,0.123286814
0.115160136,0.111963353,0.107655862,0.13410302,0.212077295,0.122857143,0.116666667,0.119866518
0.103487198,0.106481411,0.103020637,0.11705151,0.2352657,0.176190476,0.111904762,0.107665063
0.102275856,0.104805532,0.101926328,0.1,0.1,0.1,0.1,0.102993659
0.145663944,0.149206229,0.141613837,0.1,0.107729469,0.1,0.1,0.156607697
0.169890796,0.118475051,0.172080342,0.1,0.107729469,0.115238095,0.102380952,0.150955208
0.118684041,0.112377275,0.112039548,0.1,0.1,0.1,0.1,0.119794512
0.130981004,0.11922213,0.115550366,0.1,0.1,0.1,0.1,0.13295365
0.132816371,0.127712577,0.12423819,0.11705151,0.1,0.1,0.1,0.140334289
0.105359273,0.104250271,0.10425254,0.1,0.1,0.1,0.102380952,0.108941373
0.125254657,0.123805558,0.112147044,0.176731794,0.177294686,0.105079365,0.133333333,0.135869903
0.106754153,0.105623281,0.105910128,0.108525755,0.103864734,0.341269841,0.102380952,0.111335581
0.10679086,0.108268343,0.104063347,0.1,0.1,0.1,0.1,0.108239313
0.102422685,0.101393201,0.100978213,0.102841918,0.1,0.1,0.107142857,0.102806443
0.106020006,0.103886828,0.106185318,0.1,0.1,0.1,0.102380952,0.109888255
0.111819767,0.106360263,0.110558253,0.11705151,0.169565217,0.211746032,0.166666667,0.119290469
0.11233367,0.118061129,0.106445458,0.102841918,0.1,0.1,0.1,0.112197855
0.120739653,0.114255067,0.115236478,0.1,0.1,0.1,0.10952381,0.124060881
0.100256951,0.100020191,0.100193493,0.1,0.1,0.1,0.1,0.1
0.133550518,0.126238611,0.118138869,0.119893428,0.1,0.102539683,0.1,0.136463954
0.102642929,0.10653189,0.101537192,0.105683837,0.1,0.145714286,0.104761905,0.10555348
0.107818666,0.107480881,0.106251965,0.1,0.1,0.1,0.1,0.11098455
0.194484721,0.214504934,0.163665559,0.1,0.1,0.29047619,0.14047619,0.2225474
0.239634762,0.189356654,0.180155439,0.105683837,0.1,0.176190476,0.102380952,0.203609762
0.111122327,0.115315111,0.107948251,0.1,0.1,0.1,0.1,0.114358042
0.327732403,0.296390803,0.238665491,0.108525755,0.1,0.112698413,0.133333333,0.283446668
0.115894283,0.112296509,0.113755183,0.111367673,0.111594203,0.158412698,0.1,0.176715436
0.116665137,0.117768355,0.127392121,0.13410302,0.1,0.107619048,0.1,0.133133666
0.108809764,0.110509578,0.104693274,0.105683837,0.115458937,0.12031746,0.10952381,0.111891829
0.120959897,0.10899523,0.115670761,0.1,0.1,0.1,0.114285714,0.124492919
0.122942094,0.1099947,0.113729384,0.102841918,0.1,0.105079365,0.1,0.123592841
0.15887859,0.148176472,0.127521116,0.1,0.1,0.1,0.1,0.158857891
0.119601725,0.113831049,0.112611426,0.1,0.1,0.102539683,0.1,0.120712592
0.223850601,0.265780773,0.169700382,0.1,0.134782609,0.1,0.1,0.237506694
0.275240892,0.221662755,0.21714265,0.108525755,0.1,0.138095238,0.121428571,0.233600356
0.208433514,0.254534212,0.200119589,0.131261101,0.169565217,0.265079365,0.154761905,0.247209534
0.253950629,0.228325888,0.19851575,0.171047957,0.142512077,0.168571429,0.15,0.294427618
0.103450491,0.103361854,0.106608852,0.159680284,0.157971014,0.237142857,0.253571429,0.11711228
0.101872075,0.105078115,0.10158664,0.102841918,0.115458937,0.127936508,0.111904762,0.104052151
0.103707442,0.106178542,0.102575603,0.1,0.1,0.1,0.1,0.106174534
0.135385886,0.151215265,0.123040685,0.1,0.103864734,0.1,0.1,0.146490821
0.114462696,0.112286414,0.105886479,0.1,0.1,0.105079365,0.102380952,0.114610064
0.121804166,0.12214987,0.110171268,0.1,0.1,0.1,0.1,0.12485295
0.125511609,0.14337094,0.146547902,0.1,0.1,0.1,0.1,0.137076007
0.122244654,0.123522879,0.110549654,0.1,0.1,0.1,0.1,0.125753028
0.369578783,0.388675197,0.200685018,0.1,0.1,0.102539683,0.102380952,0.382455232
0.107708544,0.104744958,0.107685961,0.1,0.1,0.102539683,0.1,0.110331094
0.109250252,0.106986194,0.108595377,0.114209591,0.103864734,0.158412698,0.135714286,0.114250033
0.127971001,0.142270513,0.121322899,0.13410302,0.227536232,0.23968254,0.15952381,0.160424027
0.125878682,0.128298125,0.116313587,0.125577265,0.123188406,0.209206349,0.130952381,0.12947935
0.108222447,0.109964413,0.105512393,0.1,0.1,0.1,0.1,0.108595744
0.121804166,0.106249211,0.117704585,0.114209591,0.1,0.1,0.102380952,0.116428221
0.10124805,0.100757174,0.100728823,0.1,0.1,0.1,0.1,0.101596738
0.124557218,0.117869312,0.111220429,0.1,0.1,0.1,0.1,0.124474917
0.174295678,0.178574493,0.133607538,0.1,0.1,0.1,0.102380952,0.170612908
0.132449298,0.124118523,0.129870978,0.122735346,0.103864734,0.135555556,0.153571429,0.137742065
0.110424888,0.108480351,0.104929765,0.1,0.103864734,0.1,0.1,0.110827937
0.14309443,0.133557962,0.121684085,0.1,0.1,0.1,0.1,0.143484561
0.106497201,0.108328916,0.10451698,0.1,0.1,0.1,0.1,0.109963862
0.10319354,0.102715732,0.10158664,0.105683837,0.1,0.12031746,0.145238095,0.104662403
0.120849775,0.117283764,0.116055597,0.1,0.1,0.102539683,0.102380952,0.125483004
0.182004221,0.207841801,0.143486417,0.135523979,0.1,0.1,0.1,0.180135732
0.12022575,0.118273138,0.10877597,0.1,0.1,0.1,0.1,0.121648673
0.109470496,0.1113879,0.105275902,0.1,0.1,0.1,0.1,0.111711813
0.191548133,0.207064436,0.222713091,0.242095915,0.18115942,0.310793651,0.264285714,0.371294267
0.129035514,0.109893743,0.126130118,0.119893428,0.103864734,0.193968254,0.164285714,0.127103144
0.132082224,0.139009616,0.116175992,0.1,0.1,0.102539683,0.1,0.138606139
0.112920987,0.112861866,0.10799555,0.108525755,0.1,0.219365079,0.123809524,0.114736075
0.115490502,0.112902249,0.105245803,0.1,0.1,0.1,0.1,0.114052015
0.104184638,0.103008506,0.102233766,0.1,0.1,0.1,0.1,0.105209651
0.17246031,0.130337447,0.136600225,0.1,0.1,0.1,0.1,0.158245838
0.591658255,0.512952727,0.333433932,0.165364121,0.1,0.216825397,0.202380952,0.49352484
0.282582362,0.237997527,0.165017858,0.1,0.1,0.1,0.1,0.322690063
0.110828668,0.104744958,0.104084847,0.105683837,0.152173913,0.1,0.1,0.107915285
0.153739561,0.155182858,0.131464068,0.1,0.103864734,0.1,0.1,0.166886586
0.106497201,0.104018071,0.104011749,0.1,0.165700483,0.1,0.1,0.108980977
0.118757456,0.11545645,0.107735409,0.156838366,0.130917874,0.24984127,0.180952381,0.123034793
0.113361476,0.111660483,0.1079848,0.111367673,0.1,0.102539683,0.1,0.11421403
0.126209048,0.111912874,0.114281914,0.105683837,0.1,0.11015873,0.104761905,0.127733199
0.102202441,0.101161,0.101363049,0.1,0.1,0.127936508,0.128571429,0.102433811
0.377287327,0.232142046,0.228661917,0.1,0.103864734,0.1,0.161904762,0.321429954
0.10179866,0.101161,0.102162819,0.1,0.1,0.1,0.102380952,0.10323488
0.134284666,0.165066505,0.12288589,0.1,0.1,0.102539683,0.102380952,0.144222625
0.477865468,0.611668055,0.213894122,0.142628774,0.173429952,0.1,0.1,0.368594033
0.115086721,0.117344338,0.107776258,0.171047957,0.142512077,0.26,0.176190476,0.120190546
0.129145636,0.127752959,0.120740271,0.128419183,0.254589372,0.183809524,0.1,0.146562828
0.117472699,0.11791979,0.108664175,0.131261101,0.215942029,0.171111111,0.114285714,0.117472311
0.140524915,0.134708867,0.120366185,0.1,0.142512077,0.1,0.1,0.147498909
0.183105442,0.181431564,0.163654809,0.1,0.1,0.1,0.1,0.205121893
0.211370102,0.191971429,0.168582424,0.1,0.1,0.138095238,0.1,0.197579241
0.272304304,0.255796169,0.195785352,0.168206039,0.165700483,0.155873016,0.15,0.31872972
0.134651739,0.119595669,0.125639937,0.1,0.1,0.11015873,0.102380952,0.132557616
0.102275856,0.104018071,0.101793033,0.1,0.1,0.1,0.1,0.103515704
0.124814169,0.119050504,0.115270876,0.1,0.1,0.107619048,0.1,0.127463176
0.124226851,0.125037228,0.111742859,0.1,0.183091787,0.107619048,0.104761905,0.127895213
0.176131045,0.199997476,0.151802304,0.1,0.1,0.1,0.1,0.179091641
0.485206938,0.516264102,0.302614839,0.114209591,0.1,0.285396825,0.142857143,0.402616976
0.121326971,0.114032962,0.113869129,0.139786856,0.103864734,0.133015873,0.14047619,0.124870951
0.115343673,0.10969183,0.120181292,0.131261101,0.138647343,0.138095238,0.126190476,0.124762942
0.131715151,0.12768229,0.117981925,0.1,0.1,0.1,0.1,0.137004001
0.174662751,0.192244012,0.138167516,0.105683837,0.111594203,0.112698413,0.1,0.217056925
0.455841057,0.478405391,0.262286654,0.131261101,0.111594203,0.122857143,0.219047619,0.381555155
0.130981004,0.127298655,0.114350711,0.1,0.1,0.1,0.1,0.13329568
0.120886483,0.11492138,0.11410777,0.122735346,0.1,0.1,0.188095238,0.131855556
0.105395981,0.107864516,0.103031386,0.139786856,0.1,0.145714286,0.102380952,0.107103414
0.125291365,0.117606825,0.112441583,0.102841918,0.1,0.173650794,0.119047619,0.125699023
0.130981004,0.142361374,0.143985198,0.145470693,0.248792271,0.115238095,0.128571429,0.146436817
0.17870056,0.154799223,0.125869978,0.1,0.1,0.1,0.1,0.164258358
0.115637331,0.11261957,0.111796607,0.1,0.1,0.102539683,0.1,0.119092451
0.153005414,0.179846546,0.133592488,0.102841918,0.1,0.117777778,0.164285714,0.162224182
0.114756355,0.11522425,0.108085846,0.1,0.1,0.1,0.1,0.117472311
0.230824998,0.22513566,0.161128654,0.1,0.165700483,0.1,0.104761905,0.221413302
0.268633569,0.345546554,0.200801114,0.1,0.1,0.160952381,0.107142857,0.415938129
0.276709186,0.315966281,0.229734727,0.11705151,0.1,0.167301587,0.191666667,0.37687475
0.109433789,0.109903839,0.104613727,0.1,0.1,0.102539683,0.102380952,0.109589429
0.279645774,0.223914086,0.297786121,0.173889876,0.111594203,0.341269841,0.507142857,0.446000729
0.113691842,0.111862396,0.105761784,0.1,0.1,0.1,0.1,0.115240118
0.10734147,0.107632316,0.104170843,0.1,0.1,0.1,0.1,0.107591257
0.113728549,0.112720527,0.115829855,0.1,0.1,0.1,0.1,0.116626238
0.15777737,0.122543601,0.145892176,0.128419183,0.103864734,0.176190476,0.14047619,0.181917886
0.135018813,0.123331062,0.11544932,0.1,0.123188406,0.102539683,0.111904762,0.13363771
0.166954208,0.156343858,0.136445431,0.1,0.103864734,0.11015873,0.1,0.183015981
0.131715151,0.132730118,0.11303711,0.1,0.1,0.107619048,0.1,0.137796069
0.133550518,0.139403347,0.117158505,0.119893428,0.12705314,0.1,0.1,0.147984951
0.102863173,0.104664193,0.102242366,0.1,0.1,0.1,0.1,0.103560708
0.105212444,0.102907549,0.103055035,0.111367673,0.173429952,0.1,0.1,0.105044036
0.148600532,0.125945837,0.119867404,0.131261101,0.169565217,0.133015873,0.119047619,0.142098442
0.217243278,0.194182378,0.143978748,0.1,0.103864734,0.1,0.164285714,0.25792046
0.225685969,0.27220161,0.228434026,0.102841918,0.130917874,0.122857143,0.352380952,0.28416673
0.13685418,0.128500038,0.121060609,0.111367673,0.1,0.115238095,0.10952381,0.142242454
0.122648435,0.114517554,0.114301263,0.1,0.1,0.1,0.114285714,0.12589704
0.123712949,0.124249767,0.11278557,0.1,0.1,0.1,0.1,0.125032965
0.123199046,0.119949017,0.111388122,0.1,0.1,0.1,0.1,0.125987048
0.120335872,0.11861639,0.115051585,0.139786856,0.142512077,0.265079365,0.121428571,0.143448558
0.148233459,0.126834255,0.120886465,0.1,0.103864734,0.102539683,0.104761905,0.149857113
0.210268881,0.193233386,0.169790678,0.1,0.1,0.105079365,0.102380952,0.195941099
0.101358172,0.100666313,0.101253403,0.1,0.1,0.112698413,0.1,0.101330315
0.137221254,0.118878877,0.133383946,0.1,0.1,0.107619048,0.1,0.15849786
0.10179866,0.101554731,0.100761071,0.162522202,0.223671498,0.140634921,0.121428571,0.102743437
0.176498119,0.131871987,0.152993359,0.108525755,0.1,0.1,0.10952381,0.16173814
0.1504359,0.173900204,0.132351985,0.1,0.1,0.115238095,0.1,0.165014424
0.156676149,0.137111633,0.156192439,0.156838366,0.231400966,0.272698413,0.15,0.274985936
0.141626136,0.141493148,0.1212885,0.1,0.119323671,0.275238095,0.16547619,0.145644748
0.123052216,0.128722142,0.113785282,0.1,0.119323671,0.1,0.1,0.124780944
0.113324768,0.109126473,0.106843193,0.1,0.1,0.122857143,0.1,0.113115935
0.203294485,0.273948159,0.158415456,0.1,0.111594203,0.112698413,0.104761905,0.216750899
0.101615123,0.104280558,0.101629639,0.1,0.1,0.1,0.1,0.102950455
0.163283473,0.226438,0.136755019,0.1,0.1,0.102539683,0.104761905,0.181827878
0.115233551,0.113538275,0.110311013,0.1,0.119323671,0.112698413,0.1,0.116122195
0.159612737,0.131256152,0.182679444,0.190941385,0.146376812,0.232063492,0.211904762,0.237632705
0.187877397,0.208255723,0.162758293,0.128419183,0.107729469,0.216825397,0.233333333,0.245949425
0.104515004,0.107834229,0.102816394,0.148312611,0.185024155,0.303174603,0.171428571,0.111205969
0.132082224,0.155253527,0.123281475,0.145470693,0.142512077,0.219365079,0.152380952,0.241341026
0.140157842,0.12953989,0.119540616,0.1,0.1,0.1,0.1,0.13849813
0.195953015,0.271393958,0.182868637,0.145470693,0.1,0.244761905,0.161904762,0.251277886
0.105028907,0.106420837,0.104966313,0.108525755,0.103864734,0.12031746,0.119047619,0.107238426
0.136120033,0.139665834,0.118562403,0.111367673,0.157971014,0.105079365,0.104761905,0.143538566
0.104037809,0.106562177,0.102592803,0.1,0.1,0.1,0.1,0.106068325
0.121143434,0.1204538,0.114393709,0.111367673,0.237198068,0.181269841,0.14047619,0.13167554
0.111746352,0.116142954,0.108313738,0.1,0.1,0.102539683,0.1,0.115186114
0.144562724,0.15106383,0.131773657,0.102841918,0.12705314,0.535555556,0.164285714,0.18116182
0.172827384,0.183632417,0.14791955,0.171047957,0.157971014,0.105079365,0.130952381,0.213150588
0.220179866,0.269516166,0.160653522,0.1,0.1,0.107619048,0.1,0.228811942
0.122428191,0.120100452,0.114350711,0.1,0.1,0.1,0.1,0.127373168
0.437487382,0.324295197,0.314400697,0.111367673,0.1,0.221904762,0.164285714,0.374354532
0.132449298,0.126359759,0.112076096,0.105683837,0.1,0.1,0.102380952,0.134879817
0.144929797,0.154284344,0.123571715,0.105683837,0.1,0.1,0.1,0.149749103
0.103120125,0.104866106,0.102506806,0.1,0.1,0.1,0.1,0.104118756
0.108516105,0.113477701,0.1053189,0.1,0.1,0.1,0.1,0.112395872
0.109580619,0.106430933,0.111418221,0.1,0.1,0.105079365,0.104761905,0.116698244
0.1239699,0.11768759,0.116672624,0.1,0.103864734,0.193968254,0.1,0.129371341
0.2488116,0.287435956,0.149123505,0.182415631,0.231400966,0.305714286,0.264285714,0.442400418
0.108516105,0.115567502,0.114565703,0.213676732,0.262318841,0.392063492,0.1,0.139434211
0.250279894,0.343699048,0.226058365,0.148312611,0.389855072,0.364126984,0.207142857,0.336191231
0.132449298,0.147641402,0.120647824,0.105683837,0.169565217,0.127936508,0.10952381,0.144960689
0.121253556,0.11968653,0.113058609,0.114209591,0.1,0.181269841,0.114285714,0.126743113
0.117949894,0.121099922,0.110242215,0.131261101,0.123188406,0.11015873,0.1,0.141324375
0.108956594,0.110782161,0.107470969,0.114209591,0.1,0.160952381,0.164285714,0.112611891
0.106166835,0.109903839,0.103927902,0.1,0.1,0.1,0.1,0.109526424
0.126429292,0.123522879,0.115393422,0.1,0.1,0.1,0.1,0.12994739
0.103927687,0.101847505,0.102231616,0.1,0.1,0.1,0.1,0.103081867
0.337276315,0.33602635,0.241021803,0.148312611,0.231400966,0.24984127,0.176190476,0.475883314
0.322226301,0.29249388,0.220217034,0.1,0.1,0.1,0.1,0.269693478
0.121730752,0.120665809,0.112488881,0.1,0.1,0.1,0.1,0.125573012
0.183105442,0.255644734,0.154113467,0.1,0.1,0.102539683,0.107142857,0.198479318
0.106937689,0.111549431,0.103476419,0.102841918,0.1,0.143174603,0.1,0.107767672
0.11038818,0.106006916,0.107567716,0.1,0.1,0.1,0.1,0.110491307
0.140157842,0.126632341,0.129346398,0.1,0.1,0.1,0.1,0.130973479
0.288822612,0.237230257,0.27196774,0.151154529,0.1,0.163492063,0.142857143,0.310989051
0.657731486,0.541432574,0.338576538,0.102841918,0.103864734,0.183809524,0.142857143,0.493884871
0.17980178,0.167974054,0.161838127,0.114209591,0.134782609,0.135555556,0.104761905,0.198443315
0.105102322,0.103382045,0.10239931,0.111367673,0.1,0.138095238,0.135714286,0.104430183
0.246976232,0.221571894,0.190410554,0.102841918,0.1,0.112698413,0.107142857,0.226615752
0.142727356,0.130690795,0.12502291,0.1,0.1,0.1,0.1,0.145788761
0.255051849,0.296380707,0.271496908,0.125577265,0.185024155,0.328571429,0.214285714,0.370394189
0.112664036,0.120776861,0.107868704,0.173889876,0.1,0.1,0.114285714,0.118156371
0.124997706,0.129711517,0.113026361,0.1,0.1,0.1,0.1,0.130127406
0.119271359,0.114739658,0.113000562,0.119893428,0.134782609,0.143174603,0.145238095,0.124780944
0.212838396,0.135506423,0.185072304,0.159680284,0.138647343,0.257460317,0.185714286,0.215382781
0.311948243,0.256018273,0.265702876,0.125577265,0.1,0.209206349,0.357142857,0.340151573
0.202193264,0.156404432,0.168797416,0.119893428,0.1,0.135555556,0.111904762,0.188452451
0.112810865,0.116334772,0.108932914,0.1,0.1,0.1,0.102380952,0.116356215
0.210268881,0.237462457,0.199874498,0.119893428,0.119323671,0.173650794,0.147619048,0.202925703
0.352693402,0.368009389,0.190640595,0.1,0.1,0.107619048,0.114285714,0.322690063
0.115600624,0.115860276,0.108447033,0.1,0.1,0.1,0.1,0.11803036
0.14419565,0.21497943,0.137606387,0.1,0.1,0.1,0.1,0.172125039
0.128081123,0.114790137,0.118667749,0.105683837,0.1,0.105079365,0.116666667,0.126833121
0.216509131,0.194858787,0.195394067,0.1,0.1,0.105079365,0.1,0.216264857
0.139056621,0.130862421,0.126658999,0.131261101,0.196618357,0.206666667,0.157142857,0.159757969
0.156676149,0.182148356,0.137711733,0.1,0.1,0.105079365,0.102380952,0.17329514
0.119197944,0.122139774,0.114337811,0.165364121,0.138647343,0.305714286,0.173809524,0.134375774
0.125511609,0.116566972,0.113215554,0.1,0.1,0.295555556,0.1,0.125861037
0.18714325,0.243307842,0.163912799,0.1,0.1,0.1,0.107142857,0.208812212
0.110351473,0.1097625,0.114146469,0.11705151,0.103864734,0.127936508,0.152380952,0.125230982
0.106754153,0.118040938,0.103478569,0.122735346,0.192753623,0.188888889,0.147619048,0.108961175
0.118096724,0.117677494,0.109730534,0.1,0.1,0.1,0.1,0.121000617
0.155942002,0.170164812,0.130735246,0.105683837,0.1,0.1,0.1,0.160190006
0.158144443,0.164380001,0.137122656,0.1,0.1,0.1,0.1,0.176859448
0.116334771,0.112579188,0.109835881,0.1,0.1,0.102539683,0.114285714,0.118426394
0.300568964,0.471116327,0.261224594,0.219360568,0.103864734,0.224444444,0.211904762,0.50612593
0.138322474,0.145167966,0.119557815,0.1,0.1,0.1,0.1,0.145986778
0.123933193,0.117243381,0.111016186,0.1,0.1,0.1,0.1,0.123844863
0.120299165,0.117596729,0.113131707,0.102841918,0.150241546,0.107619048,0.111904762,0.123250811
0.147132238,0.216029378,0.132582026,0.102841918,0.119323671,0.122857143,0.107142857,0.158317844
0.100770854,0.101039853,0.100765371,0.102841918,0.1,0.102539683,0.1,0.101940568
0.12576856,0.110267283,0.127725359,0.114209591,0.103864734,0.122857143,0.102380952,0.126311076
0.174295678,0.193122334,0.14233621,0.1,0.1,0.1,0.1,0.184114076
0.112664036,0.10522955,0.107103333,0.1,0.1,0.122857143,0.121428571,0.110487707
0.152271267,0.15968552,0.131760757,0.1,0.1,0.1,0.1,0.168776749
0.13685418,0.122947427,0.123341673,0.105683837,0.134782609,0.117777778,0.107142857,0.13664397
0.14419565,0.125733828,0.131485567,0.162522202,0.134782609,0.262539683,0.1,0.260278664
0.160713958,0.141594104,0.138238464,0.119893428,0.107729469,0.140634921,0.408333333,0.165356453
0.102202441,0.105502133,0.101545792,0.111367673,0.115458937,0.143174603,0.121428571,0.104080953
0.213939616,0.210910881,0.146967136,0.1,0.1,0.1,0.164285714,0.188272436
0.133550518,0.139554782,0.116812368,0.102841918,0.1,0.1,0.116666667,0.151261234
0.470523997,0.539322581,0.447712889,0.281882771,0.183091787,0.515238095,0.514285714,0.667779913
0.147499312,0.128974534,0.122314012,0.105683837,0.123188406,0.1,0.1,0.143070526
0.119711847,0.124239671,0.111478419,0.151154529,0.204347826,0.11015873,0.107142857,0.123556838
0.312315316,0.194919361,0.209903872,0.179573712,0.212077295,0.193968254,0.128571429,0.239684883
0.11038818,0.111801822,0.105641388,0.102841918,0.1,0.326031746,0.130952381,0.11306193
0.547609434,0.674160168,0.393141489,0.19946714,0.18115942,0.122857143,0.188095238,0.46508238
0.329934844,0.527551046,0.296369324,0.176731794,0.123188406,0.369206349,0.264285714,0.489024451
0.104147931,0.103715202,0.103317325,0.105683837,0.188888889,0.1,0.10952381,0.105560681
0.12951271,0.135779006,0.117487443,0.1,0.1,0.102539683,0.1,0.137238021
0.309011655,0.220723859,0.193564485,0.119893428,0.103864734,0.585079365,0.202380952,0.253186051
0.123933193,0.122402261,0.11516768,0.1,0.1,0.1,0.1,0.126995135
0.113875379,0.105542515,0.120551078,0.108525755,0.1,0.314603175,0.14047619,0.125537009
0.206231073,0.23020368,0.150269412,0.1,0.1,0.1,0.1,0.175851361
0.211003028,0.239007092,0.170736643,0.1,0.1,0.1,0.1,0.227137797
0.136120033,0.14313874,0.118237765,0.1,0.1,0.1,0.1,0.142818504
0.107084519,0.106208829,0.104284789,0.1,0.1,0.1,0.1,0.108149305
0.111232449,0.114002675,0.112538329,0.1,0.1,0.140634921,0.1,0.11768833
0.11468294,0.104724767,0.113013461,0.102841918,0.111594203,0.153333333,0.1,0.117490313
0.108149032,0.113114258,0.105071659,0.1,0.1,0.1,0.1,0.112215857
0.156309076,0.175475127,0.131399571,0.1,0.1,0.1,0.1,0.169874844
0.341681197,0.315824941,0.245254994,0.119893428,0.1,0.166031746,0.15,0.436639919
0.105395981,0.106541985,0.104777121,0.114209591,0.111594203,0.145714286,0.147619048,0.110694725
0.398944664,0.38525277,0.316217378,0.128419183,0.103864734,0.171111111,0.135714286,0.371834314
0.107157933,0.104209889,0.10746022,0.1,0.1,0.1,0.128571429,0.109999865
0.272304304,0.296198985,0.232983255,0.193783304,0.316425121,0.320952381,0.204761905,0.366433847
0.238533541,0.306849903,0.17747019,0.222202487,0.227536232,0.105079365,0.138095238,0.354192788
0.111122327,0.125572298,0.103635513,0.225044405,0.443961353,0.24984127,0.173809524,0.134375774
0.108846472,0.110600439,0.10559409,0.105683837,0.1,0.308253968,0.145238095,0.117886347
0.181270074,0.163249287,0.139580013,0.1,0.1,0.158412698,0.1,0.164384369
0.300936037,0.278087378,0.197047355,0.105683837,0.1,0.115238095,0.107142857,0.294607634
0.138689548,0.132487822,0.119228878,0.1,0.1,0.1,0.1,0.14254848
0.102312563,0.105249741,0.101679087,0.1,0.1,0.1,0.1,0.104187162
0.9,0.837285783,0.9,0.111367673,0.1,0.11015873,0.116666667,0.74554664
0.17246031,0.173092552,0.150604799,0.1,0.1,0.1,0.1,0.177417497
0.115343673,0.113800762,0.109414496,0.1,0.1,0.1,0.1,0.119560492
0.11593099,0.113114258,0.105682237,0.102841918,0.111594203,0.1,0.1,0.115168112
0.122978802,0.124895889,0.111573015,0.13410302,0.111594203,0.300634921,0.15,0.128831294
0.122758557,0.122109487,0.113624038,0.1,0.1,0.1,0.1,0.126077056
0.107011104,0.106400646,0.104138595,0.1,0.1,0.1,0.1,0.108176307
0.102716344,0.104613715,0.103446321,0.1,0.1,0.1,0.1,0.104910825
0.156309076,0.150003786,0.133439844,0.1,0.1,0.1,0.1,0.161774143
0.104221345,0.108005855,0.102751897,0.102841918,0.1,0.158412698,0.1,0.106619173
0.140891989,0.133820449,0.123636212,0.1,0.1,0.107619048,0.107142857,0.146580829
0.113214646,0.105068019,0.122243064,0.111367673,0.1,0.13047619,0.119047619,0.122368735
0.1214738,0.126793872,0.109616589,0.1,0.134782609,0.234603175,0.24047619,0.138138099
0.137588327,0.13030716,0.122587052,0.105683837,0.1,0.145714286,0.10952381,0.14127037
0.131715151,0.151962343,0.127516816,0.151154529,0.134782609,0.193968254,0.138095238,0.192808828
0.10234927,0.104512758,0.10292819,0.1,0.1,0.1,0.1,0.104075553
0.112664036,0.111004265,0.112069647,0.1,0.1,0.117777778,0.1,0.118894434
0.135385886,0.152194543,0.123044984,0.1,0.1,0.1,0.1,0.139128185
0.259456731,0.352552939,0.286944078,0.139786856,0.134782609,0.343809524,0.271428571,0.405677241
0.120556116,0.116395346,0.114150768,0.1,0.123188406,0.604126984,0.1,0.120982615
0.164751767,0.135698241,0.154079069,0.128419183,0.1,0.176190476,0.136904762,0.156193661
0.119528311,0.115103102,0.110216416,0.111367673,0.1,0.12031746,0.104761905,0.120028532
0.202927411,0.311251609,0.177124053,0.105683837,0.1,0.105079365,0.1,0.275345967
0.112443792,0.109631256,0.107322625,0.122735346,0.130917874,0.107619048,0.1,0.114124022
0.101651831,0.100706696,0.100552529,0.1,0.1,0.1,0.1,0.100914479
0.112553914,0.117778451,0.107621464,0.114209591,0.103864734,0.1,0.111904762,0.117274294
0.223116454,0.27527069,0.216192386,0.347246892,0.285507246,0.196507937,0.176190476,0.281286481
0.236698174,0.214706847,0.272195632,0.13410302,0.1,0.310793651,0.1,0.342671791
0.38389465,0.229486888,0.227189222,0.1,0.111594203,0.102539683,0.1,0.297847914
0.1189777,0.112417657,0.112015899,0.1,0.1,0.102539683,0.1,0.120676589
0.125438194,0.115254537,0.115526717,0.1,0.1,0.1,0.1,0.121828688
0.111452693,0.112377275,0.105901528,0.102841918,0.1,0.1,0.107142857,0.113439963
0.125621731,0.120766765,0.11356814,0.1,0.1,0.1,0.1,0.126797118
0.102202441,0.10099947,0.102330512,0.1,0.1,0.1,0.1,0.10277224
0.14309443,0.155081901,0.119725509,0.1,0.177294686,0.150793651,0.133333333,0.16335828
0.109507204,0.114325736,0.10586928,0.1,0.1,0.102539683,0.1,0.113727987
0.106350372,0.103856541,0.111678361,0.1,0.1,0.115238095,0.102380952,0.109611031
0.104918785,0.107591934,0.103841906,0.1,0.1,0.102539683,0.102380952,0.108611945
0.105616225,0.107975569,0.103403322,0.128419183,0.103864734,0.234603175,0.102380952,0.107953088
0.294695788,0.228063401,0.169384344,0.125577265,0.123188406,0.107619048,0.104761905,0.181107816
0.109690741,0.108258247,0.104633076,0.1,0.1,0.102539683,0.1,0.110142077
0.102055612,0.105068019,0.10160169,0.1,0.1,0.1,0.1,0.104386979
0.183105442,0.294290906,0.171577261,0.108525755,0.1,0.11015873,0.119047619,0.21052236
0.13061393,0.130731178,0.124777819,0.1,0.107729469,0.102539683,0.1,0.141396381
0.140524915,0.16091719,0.125783981,0.1,0.1,0.102539683,0.1,0.151351242
0.129879783,0.122856566,0.110222866,0.1,0.123188406,0.1,0.1,0.127571185
0.246242085,0.18006865,0.216213885,0.105683837,0.119323671,0.107619048,0.107142857,0.210270338
0.104882078,0.103250801,0.102470257,0.102841918,0.1,0.1,0.1,0.10566149
0.129145636,0.122392166,0.110730247,0.102841918,0.1,0.1,0.102380952,0.131729545
0.120189043,0.119908634,0.110814094,0.1,0.1,0.1,0.1,0.121864691
0.104331467,0.106642942,0.102738997,0.1,0.1,0.1,0.1,0.106142131
0.106937689,0.105835289,0.102592803,0.122735346,0.107729469,0.12031746,0.1,0.105643488
0.107194641,0.10553242,0.103160381,0.102841918,0.115458937,0.1,0.102380952,0.105989118
0.174295678,0.204025643,0.181387343,0.136944938,0.12705314,0.234603175,0.202380952,0.236354595
0.105726347,0.105582898,0.103222729,0.1,0.1,0.1,0.1,0.105224052
0.105652932,0.103250801,0.102719648,0.108525755,0.146376812,0.136825397,0.1,0.106885596
0.131348077,0.130387926,0.120030798,0.1,0.1,0.12031746,0.102380952,0.139740238
0.398210517,0.329837712,0.183833951,0.1,0.1,0.1,0.102380952,0.299468054
0.27817748,0.324426441,0.188746516,0.1,0.1,0.11015873,0.104761905,0.258856541
0.121950996,0.122765705,0.111667612,0.1,0.1,0.1,0.1,0.126005049
0.15153712,0.180038363,0.132594926,0.125577265,0.103864734,0.232063492,0.123809524,0.195023019
0.394172708,0.281752101,0.307869242,0.151154529,0.1,0.183809524,0.123809524,0.489744513
0.133183445,0.123462305,0.121540041,0.1,0.1,0.1,0.1,0.150001125
0.106827567,0.107178012,0.106681949,0.1,0.1,0.1,0.1,0.109085386
0.106130128,0.103806062,0.103128132,0.1,0.1,0.1,0.1,0.107042209
0.244406717,0.352512556,0.195957346,0.1,0.169565217,0.155873016,0.1,0.214230681
0.113801964,0.110590344,0.111611714,0.114209591,0.1,0.117777778,0.104761905,0.114268034
0.119234652,0.113578658,0.114449607,0.1,0.1,0.112698413,0.102380952,0.121072623
0.109580619,0.109086091,0.105525292,0.13410302,0.161835749,0.117777778,0.1,0.111351782
0.173561531,0.209224906,0.152492428,0.1,0.134782609,0.122857143,0.111904762,0.194392965
0.104808663,0.125653063,0.102648701,0.148312611,0.192753623,0.177460317,0.1,0.112539885
0.129145636,0.126703011,0.110581903,0.105683837,0.1,0.1,0.104761905,0.132431605
0.102165734,0.104543045,0.102640101,0.1,0.1,0.1,0.1,0.105479674
0.188978618,0.210648394,0.222007917,0.139786856,0.12705314,0.206666667,0.430952381,0.269783486
0.129108929,0.126319376,0.113273601,0.1,0.1,0.1,0.1,0.131243503
0.130981004,0.136102067,0.124971312,0.105683837,0.119323671,0.115238095,0.10952381,0.134213759
0.120445994,0.11169077,0.109631638,0.1,0.1,0.1,0.1,0.120010531
0.152271267,0.150983065,0.140154042,0.102841918,0.1,0.1,0.102380952,0.164582386
0.118280261,0.118939451,0.110601252,0.1,0.1,0.171111111,0.111904762,0.12184669
0.423171515,0.358852629,0.376511864,0.168206039,0.1,0.196507937,0.292857143,0.622415989
0.101064513,0.100343252,0.100367636,0.1,0.1,0.1,0.1,0.100570649
0.120556116,0.111559527,0.110027223,0.102841918,0.115458937,0.1,0.107142857,0.120946612
0.111122327,0.11052977,0.105299551,0.105683837,0.123188406,0.1,0.1,0.11190983
0.342415344,0.289646904,0.190191262,0.105683837,0.1,0.102539683,0.102380952,0.255922287
0.133550518,0.134395901,0.135437119,0.111367673,0.111594203,0.122857143,0.104761905,0.145014694
0.295429935,0.280459857,0.175690057,0.165364121,0.1,0.122857143,0.119047619,0.226489741
0.110461595,0.119312991,0.109827281,0.1,0.1,0.1,0.1,0.115708159
0.109250252,0.11052977,0.104566428,0.105683837,0.1,0.12031746,0.123809524,0.11201784
0.13575296,0.120696096,0.11811307,0.1,0.1,0.1,0.1,0.136913993
0.128081123,0.135052119,0.116406034,0.1,0.1,0.102539683,0.1,0.136463954
0.369945857,0.485371394,0.436395714,0.9,0.368599034,0.762857143,0.685714286,0.664719648
0.116518308,0.113952197,0.106555104,0.1,0.1,0.1,0.1,0.114124022
0.169890796,0.20359153,0.155986047,0.114209591,0.1,0.138095238,0.15,0.219793162
0.104404882,0.109217334,0.103343124,0.186678508,0.107729469,0.1,0.19047619,0.109065584
0.12341929,0.113447414,0.110500206,0.119893428,0.1,0.105079365,0.102380952,0.11884043
0.12092319,0.117435199,0.12369856,0.1,0.1,0.107619048,0.102380952,0.123322817
0.182371295,0.23836097,0.180103841,0.159680284,0.169565217,0.230793651,0.25,0.338171402
0.130246857,0.123714697,0.110493756,0.1,0.1,0.1,0.104761905,0.131729545
0.126135634,0.114729563,0.119809356,0.1,0.1,0.122857143,0.1,0.125302989
0.101174635,0.101009566,0.100333237,0.1,0.1,0.125396825,0.116666667,0.101537333
0.128558319,0.122967618,0.113643388,0.1,0.1,0.1,0.102380952,0.125374995
